benchmark_id,role,benchmark_passed,design_feasible,feasible_conditions,scenario_count,success_fraction,worst_reflection_magnitude,control_margin,n_candidates,n_evaluations,n_failed_evaluations,failed_conditions,failed_constraints,best_candidate_id,best_candidate_values,question,demonstrates,does_not_establish,case_path
A1_topology_l_match,engine_conformance,True,False,0,1,1.0,0.48492794708809217,,1,1,0,nominal,max_reflection_magnitude,trial_0000,"{""C1"":1e-10,""L1"":5e-07}",Does the public L-match netlist reproduce an independent closed-form input impedance?,"The L-match builder, load connection, AC extraction, and reflection calculation agree with a frozen analytic oracle.",This arbitrary synthetic circuit is not a preferred topology or chamber design.,C:\Users\user\Desktop\circuit_design_platform_v6_final\bench\cases\topology_l_match_golden.yaml
A2_topology_pi_match,engine_conformance,True,True,1,1,1.0,0.2589760961860808,,1,1,0,,,trial_0000,"{""C1"":1e-10,""C2"":5e-11,""L1"":5e-07}",Does the public pi-match netlist reproduce an independent closed-form input impedance?,"The pi-match builder, load connection, AC extraction, and reflection calculation agree with a frozen analytic oracle.",Passing the synthetic match limit does not select a universally superior topology.,C:\Users\user\Desktop\circuit_design_platform_v6_final\bench\cases\topology_pi_match_golden.yaml
A3_topology_pi_match_harmonic,engine_conformance,True,False,0,1,1.0,0.38708204675351426,,1,1,0,nominal,max_reflection_magnitude,trial_0000,"{""C1"":1e-10,""C2"":5e-11,""Ch"":5e-11,""L1"":5e-07,""Lh"":1e-06}",Does the public pi-match with a series-LC shunt branch reproduce an independent closed-form input impedance?,The harmonic-branch topology is electrically connected once and its fundamental-frequency impedance agrees with circuit algebra.,A one-tone linear check does not validate harmonic suppression against a nonlinear plasma.,C:\Users\user\Desktop\circuit_design_platform_v6_final\bench\cases\topology_pi_match_harmonic_golden.yaml
A4_ccp_lumped_frequency_conformance,model_conformance,True,False,0,3,1.0,0.8458333359015897,,1,3,0,low_frequency;nominal_frequency;high_frequency,max_reflection_magnitude,trial_0000,"{""C1"":2e-11,""L1"":2e-07}","Does the public effective CCP R-L-C load pass through planning, scenario frequency substitution, SPICE, and metric extraction at three frequencies?",The declared effective CCP port follows R+jwL+1/(jwC) across frequency without inventing new plasma-state inputs.,The synthetic R-L-C values are not a physical CCP validation or parameter-identification result.,C:\Users\user\Desktop\circuit_design_platform_v6_final\bench\cases\ccp_lumped_frequency_conformance.yaml
A5_icp_transformer_frequency_conformance,model_conformance,True,False,1,3,1.0,0.999914993914838,,1,3,0,low_frequency;high_frequency,max_reflection_magnitude,trial_0000,"{""C1"":7.415445982210926e-11,""L1"":8.712592931020065e-06}","Does the public effective ICP transformer load pass through planning, frequency substitution, SPICE, and metric extraction at three frequencies?","The identifiable reflected loading, coil terms, optional shunt capacitance, and public frequency scenarios preserve their declared terminal equation end to end.","Synthetic terminal parameters do not validate density, collision frequency, plasma power split, or a physical ICP chamber.",C:\Users\user\Desktop\circuit_design_platform_v6_final\bench\cases\icp_transformer_frequency_conformance.yaml
B1_fixed_nominal,negative_control,True,False,1,5,1.0,0.7672066486794401,,1,5,0,high_R_strong_capacitive;low_R_weak_capacitive;low_R_nominal_X;high_R_nominal_X,max_reflection_magnitude,trial_0000,"{""C1"":2.58221757073e-10,""C2"":7.45488022912e-12,""L1"":1.19731080934e-06}",Can a network optimized only at the nominal load cover the operating window without retuning?,A good nominal match is not evidence of a robust design.,The synthetic electrical envelope is not a qualified plasma process window.,C:\Users\user\Desktop\circuit_design_platform_v6_final\bench\cases\match_fixed_nominal.yaml
B2_limited_tuner,negative_control,True,False,2,5,1.0,0.30200504425254665,0.0,1,125,0,high_R_strong_capacitive;low_R_weak_capacitive;low_R_nominal_X,min_control_margin,trial_0000,"{""L1"":6.43146488676e-07}",Does electrical reachability remain acceptable when the selected setting must retain 20% normalized tuning headroom?,The platform distinguishes an electrically reachable match from one that consumes too much actuator range.,"Discrete capacitor settings model control authority, not controller dynamics.",C:\Users\user\Desktop\circuit_design_platform_v6_final\bench\cases\match_limited_tuner.yaml
B3_full_tuner,positive_control,True,True,5,5,1.0,0.038844448497050175,0.23255813953488372,1,245,0,,,trial_0000,"{""L1"":6.43146488676e-07}",Can one fixed network cover the operating window when its declared capacitors may retune per scenario?,Fixed hardware plus bounded control authority can satisfy the electrical window while retaining the declared tuning reserve.,"This AC equivalent-circuit result does not qualify RF voltage stress, losses, controller dynamics, or plasma physics.",C:\Users\user\Desktop\circuit_design_platform_v6_final\bench\cases\match_full_tuner.yaml
B4_independent_frequency_points,negative_control,True,False,1,3,1.0,0.8203082047055033,,1,3,0,low_frequency;high_frequency,max_reflection_magnitude,trial_0000,"{""C1"":2.58221757073e-10,""C2"":7.45488022912e-12,""L1"":1.19731080934e-06}",Does a network accepted at one frequency remain acceptable at independently supplied synthetic frequency points?,Independent frequency points can reject a design that a nominal-frequency check accepts.,Three synthetic points are not a continuous broadband or large-signal chamber model.,C:\Users\user\Desktop\circuit_design_platform_v6_final\bench\cases\match_independent_frequency_points.yaml
B5_high_drive_stress,negative_control,True,False,1,2,1.0,0.011035382019418161,,1,2,0,high_drive,max_component_L1_current_rms_A;max_component_L1_loss_W;max_source_apparent_power_VA;max_source_current_rms_A,trial_0000,"{""C1"":2.58221757073e-10,""C2"":7.45488022912e-12,""L1"":1.19731080934e-06}",Does a nominally matched network remain feasible at high drive after component and source-terminal limits are included?,Match quality alone is not hardware feasibility; every named matching component and the source terminal can be checked at operating amplitude.,"Source-terminal VA is not forward generator power, and effective ESR/DCR does not predict temperature without a qualified thermal model.",C:\Users\user\Desktop\circuit_design_platform_v6_final\bench\cases\match_high_drive_stress.yaml
B6_discrete_hardware_search,positive_control,True,True,1,1,1.0,0.0010220552881858307,,3,3,0,,,trial_0001,"{""C1"":2.58221757073e-10,""C2"":7.45488022912e-12,""L1"":1.19731080934e-06}",Does a complete finite search recover the known feasible capacitor from a hardware shortlist without duplicate or missed candidates?,A discrete hardware shortlist is enumerated completely and feasibility-first ranking selects its sole acceptable nominal match.,"One nominal load and a three-value shortlist do not establish robustness, continuous-space optimality, or a qualified component library.",C:\Users\user\Desktop\circuit_design_platform_v6_final\bench\cases\match_discrete_hardware_search.yaml
B7_role_factorial_search,positive_control,True,True,2,2,1.0,1.583018649586781e-12,0.0,2,8,0,,,trial_0000,"{""L1"":1e-06}","Can the engine keep two hardware candidates, two load scenarios, and two tuner states independent while selecting the only robust candidate?","Candidate hardware, external scenarios, and per-scenario controls remain orthogonal through complete enumeration and feasibility-first selection.",The analytically constructed two-point example is not a chamber operating window or a controller model.,C:\Users\user\Desktop\circuit_design_platform_v6_final\bench\cases\role_factorial_search.yaml
B8_component_value_corner_stress,negative_control,True,False,3,8,1.0,0.3724936145006189,,1,8,0,c1_low_l1_high_c2_high;c1_high_l1_low_c2_low;c1_high_l1_low_c2_high;c1_high_l1_high_c2_low;c1_high_l1_high_c2_high,max_reflection_magnitude,trial_0000,"{""C1_nominal"":2.58221757073e-10,""C2_nominal"":7.45488022912e-12,""L1_nominal"":1.19731080934e-06}",Does an already selected nominal network remain acceptable at every deterministic realized-component-value corner?,Existing Scenario enumeration can combine one nominal Candidate BOM with every declared realized-value factor corner without adding tolerance-specific public input or confusing the corners with new Candidates.,"The synthetic +/-15% envelope is neither a vendor tolerance, a probability distribution, a Monte Carlo yield estimate, nor a temperature/aging model.",C:\Users\user\Desktop\circuit_design_platform_v6_final\bench\cases\component_value_corner_stress.yaml
D1_reference_plane_explicit,boundary_conformance,True,True,1,1,1.0,0.03829679687789924,,1,1,0,,,trial_0000,{},What source impedance results when a known lossy series R-L two-port is represented explicitly ahead of a plasma-terminal load?,A passive lossy series two-port and plasma-terminal load provide one well-defined physical representation.,A reference-plane label alone cannot validate an externally supplied de-embedding transform.,C:\Users\user\Desktop\circuit_design_platform_v6_final\bench\cases\reference_plane_fixture_explicit.yaml
D2_reference_plane_embedded,boundary_conformance,True,True,1,1,1.0,0.038296796877719114,,1,1,0,,,trial_0000,{},Does folding the same fixture exactly once into the upstream one-port preserve the matcher input impedance?,Equivalent explicit and embedded representations of the same lossy series two-port give the same source impedance when the reference plane is handled once.,This synthetic R-L transform does not qualify a real chamber fixture model or a general measured S-parameter de-embedding workflow.,C:\Users\user\Desktop\circuit_design_platform_v6_final\bench\cases\reference_plane_fixture_embedded.yaml
D3_reference_plane_double_counted,negative_control,True,False,0,1,1.0,0.3418282828657569,,1,1,0,nominal,max_reflection_magnitude,trial_0000,{},Does deliberately including the same fixture in both the circuit and supplied upstream impedance change the design decision?,Fixture double counting is observable as a changed source impedance and rejected match classification.,The platform cannot infer from arbitrary impedance data whether an undocumented fixture was already included.,C:\Users\user\Desktop\circuit_design_platform_v6_final\bench\cases\reference_plane_fixture_double_counted.yaml
