category,id,reproduction_passed,design_feasible,feasible_conditions,scenario_count,worst_reflection_magnitude,n_evaluations,evidence_class,source,scope,observed,establishes,reason,result
source_fidelity,lee2021_bias_table_i,True,,,,,,published numeric table + circuit equation,,,corrected terminal Z=2.68937-12.7715j ohm,Table-I topology arithmetic only,,C:\Users\user\Desktop\circuit_design_platform_v6_final\runs\literature\final_evaluation\lee2021_bias.json
source_fidelity,hargis1994_tables_iii_iv,True,,,,,,published V/I/phase tables,,,32/32 central rows; 8-row 66 Pa view; 32-row reported-spread view; R=46.746..198.874 ohm,"immutable table transcription, derived views, power closure and one-port replay",,C:\Users\user\Desktop\circuit_design_platform_v6_final\runs\literature\final_evaluation\hargis1994_all32.json
source_fidelity,colpo1999_fixture_and_graphite,True,,,,,,published rounded fixture values + known dummy point,,,"resonances=7.047 MHz, 13.888 MHz, 19.817 MHz; graphite replay error=4.15e-06",fixture resonance and global-terminal dummy replay,,C:\Users\user\Desktop\circuit_design_platform_v6_final\runs\literature\final_evaluation\colpo1999_fixture\colpo1999_evaluation.json
source_fidelity,colpo1999_digitized_centers,True,,,,,,two-reader plot transcription,,,"15 paired centers; digitization widths R +/-6, X +/-7 ohm",paired global RFZ60-plane center points; not measurement uncertainty,,C:\Users\user\Desktop\circuit_design_platform_v6_final\runs\literature\final_evaluation\colpo1999_centers\evaluation.json
source_fidelity,colpo1999_digitization_derivation,True,,,,,,deterministic derivation from digitized centers,,,15 parents -> 60 reading corners,exact corner derivation; corners are not independent operating observations,,C:\Users\user\Desktop\circuit_design_platform_v6_final\runs\literature\final_evaluation\colpo1999_digitization_stability\evaluation.json
model_conformance,lee2020_icp_transformer_equations,True,,,,,,paper equation conformance; synthetic damping regimes,,,6/6 regimes; max Z error=1.58e-08; max power error=4.36e-09,"terminal transformer algebra, not experimental ICP validation",,C:\Users\user\Desktop\circuit_design_platform_v6_final\runs\literature\final_evaluation\lee2020_icp.json
design_challenges,literature_p0_lee2021_matcher_output_probe,True,True,1,1,5.035265257605511e-10,1,,Lee 2021 bias-path Table I,frozen matcher fixture; substituted plane=bias_matcher_output_vi_probe,,,,
design_challenges,literature_p0_lee2021_post_coax_plane_sensitivity,True,False,0,1,0.8144871167945654,1,,Lee 2021 bias-path Table I,frozen matcher fixture; substituted plane=bias_rf_rod_end_post_coax,,,,
design_challenges,literature_p0_lee2021_plasma_terminal_plane_sensitivity,True,False,0,1,0.7248067353970915,1,,Lee 2021 bias-path Table I,frozen matcher fixture; substituted plane=corrected_bias_plasma_terminal,,,,
design_challenges,P1_CCP_fixed_central,True,False,7,8,0.5249988223835906,8,,Hargis 1994,66 Pa central conditions,,,,
design_challenges,P1_CCP_limited_central,True,False,7,8,0.48748836397451184,16,,Hargis 1994,66 Pa central conditions,,,,
design_challenges,P1_CCP_full_central,True,True,8,8,0.08035296871067124,128,,Hargis 1994,66 Pa central conditions,,,,
design_challenges,P1_CCP_reported_spread,True,False,30,32,0.5280517504946293,512,,Hargis 1994,66 Pa reported apparatus spread,,,,
design_challenges,P1_CCP_phase_minus6,True,False,7,8,0.365833462324418,128,,Hargis 1994 + Sobolewski 1995,66 Pa common-mode model sensitivity; not a confidence interval,,,,
design_challenges,P1_CCP_phase_plus6,True,True,8,8,0.16443292888412886,128,,Hargis 1994 + Sobolewski 1995,66 Pa common-mode model sensitivity; not a confidence interval,,,,
design_challenges,central_operating_conditions__L1_1.4uH,True,False,17,32,0.8575969835062115,512,,Hargis 1994 / Sobolewski 1995,independent published_operating_conditions family; no cross-family weighting or global ranking,,,,
design_challenges,central_operating_conditions__L1_1.5uH,True,False,22,32,0.6622541803842323,512,,Hargis 1994 / Sobolewski 1995,independent published_operating_conditions family; no cross-family weighting or global ranking,,,,
design_challenges,central_operating_conditions__L1_1.6uH,True,False,26,32,0.6426141295525742,512,,Hargis 1994 / Sobolewski 1995,independent published_operating_conditions family; no cross-family weighting or global ranking,,,,
design_challenges,reported_apparatus_spread__L1_1.4uH,True,False,26,32,0.7590708202146231,512,,Hargis 1994 / Sobolewski 1995,independent published_apparatus_population_spread family; no cross-family weighting or global ranking,,,,
design_challenges,reported_apparatus_spread__L1_1.5uH,True,False,30,32,0.5280517504946293,512,,Hargis 1994 / Sobolewski 1995,independent published_apparatus_population_spread family; no cross-family weighting or global ranking,,,,
design_challenges,reported_apparatus_spread__L1_1.6uH,True,False,20,32,0.5186317791156819,512,,Hargis 1994 / Sobolewski 1995,independent published_apparatus_population_spread family; no cross-family weighting or global ranking,,,,
design_challenges,phase_model_minus6__L1_1.4uH,True,False,5,8,0.43989672024809784,128,,Hargis 1994 / Sobolewski 1995,independent counterfactual_model_sensitivity family; no cross-family weighting or global ranking,,,,
design_challenges,phase_model_minus6__L1_1.5uH,True,False,7,8,0.365833462324418,128,,Hargis 1994 / Sobolewski 1995,independent counterfactual_model_sensitivity family; no cross-family weighting or global ranking,,,,
design_challenges,phase_model_minus6__L1_1.6uH,True,False,4,8,0.5872514308639011,128,,Hargis 1994 / Sobolewski 1995,independent counterfactual_model_sensitivity family; no cross-family weighting or global ranking,,,,
design_challenges,phase_model_plus6__L1_1.4uH,True,False,7,8,0.42353846629790454,128,,Hargis 1994 / Sobolewski 1995,independent counterfactual_model_sensitivity family; no cross-family weighting or global ranking,,,,
design_challenges,phase_model_plus6__L1_1.5uH,True,True,8,8,0.16443292888412886,128,,Hargis 1994 / Sobolewski 1995,independent counterfactual_model_sensitivity family; no cross-family weighting or global ranking,,,,
design_challenges,phase_model_plus6__L1_1.6uH,True,True,8,8,0.22036567154180772,128,,Hargis 1994 / Sobolewski 1995,independent counterfactual_model_sensitivity family; no cross-family weighting or global ranking,,,,
design_challenges,literature_colpo1999_fixed_digitization_corners,True,False,35,60,0.7538198137641159,60,,Colpo 1999 digitized centers,7/15 parent conditions robust to four reading corners; 3 mixed,,,,
design_challenges,literature_colpo1999_bounded_digitization_corners,True,True,60,60,0.1957286383977577,960,,Colpo 1999 digitized centers,15/15 parent conditions robust to four reading corners; 0 mixed,,,,
reference_inventory,Lee 2021 Figures 4-7,,,,,,,,Lee 2021 Figures 4-7,,,,plot-only correlation data are weaker than the exact Table-I electrical closure,
reference_inventory,Cao 2020 commercial planar ICP,,,,,,,,Cao 2020 commercial planar ICP,,,,no phase-resolved complex terminal impedance is published,
reference_inventory,Metze 1986 / Saikia 2018,,,,,,,,Metze 1986 / Saikia 2018,,,,"nonlinear sheath, self-bias and time-domain plasma state are outside the one-port AC responsibility",
reference_inventory,Howling / Guittienne planar ICP,,,,,,,,Howling / Guittienne planar ICP,,,,distributed antenna coupling and mode spectra are outside the current lumped one-port model,
reference_inventory,Qu 2020 pulsed ICP,,,,,,,,Qu 2020 pulsed ICP,,,,time-varying pulsed matching is outside the steady-state AC study engine,
execution_regressions,lee2021_bias_reference_planes,True,,,,,,,,,,,,C:\Users\user\Desktop\circuit_design_platform_v6_final\runs\literature\final_evaluation\lee2021_bias.json
execution_regressions,hargis1994_all32_source,True,,,,,,,,,,,,C:\Users\user\Desktop\circuit_design_platform_v6_final\runs\literature\final_evaluation\hargis1994_all32.json
execution_regressions,hargis1994_control_authority,True,,,,,,,,,,,,C:\Users\user\Desktop\circuit_design_platform_v6_final\runs\literature\final_evaluation\hargis_control_authority\design_evaluation.json
execution_regressions,hargis_sobolewski_phase_sensitivity,True,,,,,,,,,,,,C:\Users\user\Desktop\circuit_design_platform_v6_final\runs\literature\final_evaluation\hargis_phase_sensitivity\evaluation.json
execution_regressions,hargis_hardware_families,True,,,,,,,,,,,,C:\Users\user\Desktop\circuit_design_platform_v6_final\runs\literature\final_evaluation\hargis_hardware_families\evaluation.json
execution_regressions,lee2020_icp_equations,True,,,,,,,,,,,,C:\Users\user\Desktop\circuit_design_platform_v6_final\runs\literature\final_evaluation\lee2020_icp.json
execution_regressions,colpo1999_fixture,True,,,,,,,,,,,,C:\Users\user\Desktop\circuit_design_platform_v6_final\runs\literature\final_evaluation\colpo1999_fixture\colpo1999_evaluation.json
execution_regressions,colpo1999_digitized_centers,True,,,,,,,,,,,,C:\Users\user\Desktop\circuit_design_platform_v6_final\runs\literature\final_evaluation\colpo1999_centers\evaluation.json
execution_regressions,colpo1999_digitization_stability,True,,,,,,,,,,,,C:\Users\user\Desktop\circuit_design_platform_v6_final\runs\literature\final_evaluation\colpo1999_digitization_stability\evaluation.json
execution_regressions,core_decision_regression,True,,,,,,,,,,,,C:\Users\user\Desktop\circuit_design_platform_v6_final\runs\literature\final_evaluation\core_regression\benchmark_result.json
